<ImportExportXml xmlns:xsi="http://www.w3.org/2001/XMLSchema-instance">
  <Entities>
    <Entity>
      <Name LocalizedName="Account" OriginalName="">Account</Name>
      <EntityInfo>
        <entity Name="Account" unmodified="1">
          <attributes>
            <attribute PhysicalName="AccountNumber" unmodified="1">
              <Type>nvarchar</Type>
              <Name>accountnumber</Name>
              <LogicalName>accountnumber</LogicalName>
              <RequiredLevel>none</RequiredLevel>
              <DisplayMask>ValidForAdvancedFind|ValidForForm|ValidForGrid</DisplayMask>
              <ImeMode>auto</ImeMode>
              <ValidForUpdateApi>1</ValidForUpdateApi>
              <ValidForReadApi>1</ValidForReadApi>
              <ValidForCreateApi>1</ValidForCreateApi>
              <IsCustomField>0</IsCustomField>
              <IsAuditEnabled>1</IsAuditEnabled>
              <IsSecured>0</IsSecured>
              <IntroducedVersion>5.0.0.0</IntroducedVersion>
              <SourceType>0</SourceType>
              <IsGlobalFilterEnabled>0</IsGlobalFilterEnabled>
              <IsSortableEnabled>0</IsSortableEnabled>
              <IsDataSourceSecret>0</IsDataSourceSecret>
              <AutoNumberFormat></AutoNumberFormat>
              <IsSearchable>1</IsSearchable>
              <IsFilterable>0</IsFilterable>
              <IsRetrievable>1</IsRetrievable>
              <IsLocalizable>0</IsLocalizable>
              <Format>text</Format>
              <MaxLength>20</MaxLength>
              <Length>40</Length>
              <displaynames>
                <displayname description="Account Number" languagecode="1033" />
              </displaynames>
              <Descriptions>
                <Description description="Type an ID number or code for the account to quickly search and identify the account in system views." languagecode="1033" />
              </Descriptions>
            </attribute>
          </attributes>
        </entity>
      </EntityInfo>
      <SavedQueries>
        <savedqueries>
          <savedquery unmodified="1">
            <isquickfindquery>0</isquickfindquery>
            <isprivate>0</isprivate>
            <isdefault>0</isdefault>
            <savedqueryid>{00000000-0000-0000-00aa-000010001002}</savedqueryid>
            <queryapi></queryapi>
            <layoutxml>
              <grid name="resultset" jump="name" select="1" icon="1" preview="1">
                <row name="result" id="accountid">
                  <cell name="name" width="300" />
                  <cell name="telephone1" width="100" />
                  <cell name="address1_city" width="100" />
                  <cell name="primarycontactid" width="150" />
                  <cell name="accountprimarycontactidcontactcontactid.emailaddress1" width="150" disableSorting="1" />
                </row>
              </grid>
            </layoutxml>
            <querytype>0</querytype>
            <fetchxml>
              <fetch version="1.0" output-format="xml-platform" mapping="logical">
                <entity name="account">
                  <attribute name="name" />
                  <attribute name="address1_city" />
                  <order attribute="name" descending="false" />
                  <attribute name="primarycontactid" />
                  <attribute name="telephone1" />
                  <filter type="and">
                    <condition attribute="statecode" operator="eq" value="0" />
                  </filter>
                  <link-entity alias="accountprimarycontactidcontactcontactid" name="contact" from="contactid" to="primarycontactid" link-type="outer" visible="false">
                    <attribute name="emailaddress1" />
                  </link-entity>
                  <attribute name="accountid" />
                </entity>
              </fetch>
            </fetchxml>
            <IntroducedVersion>5.0.0.0</IntroducedVersion>
            <LocalizedNames>
              <LocalizedName description="Active Accounts" languagecode="1033" />
            </LocalizedNames>
          </savedquery>
        </savedqueries>
      </SavedQueries>
      <RibbonDiffXml>
        <CustomActions />
        <Templates>
          <RibbonTemplates Id="Mscrm.Templates"></RibbonTemplates>
        </Templates>
        <CommandDefinitions />
        <RuleDefinitions>
          <TabDisplayRules />
          <DisplayRules />
          <EnableRules />
        </RuleDefinitions>
        <LocLabels />
      </RibbonDiffXml>
    </Entity>
  </Entities>
  <Roles></Roles>
  <Workflows></Workflows>
  <FieldSecurityProfiles></FieldSecurityProfiles>
  <Templates />
  <EntityMaps />
  <EntityRelationships />
  <OrganizationSettings />
  <optionsets />
  <CustomControls />
  <EntityDataProviders />
  <Languages>
    <Language>1033</Language>
  </Languages>
</ImportExportXml>